ID,base_sales,tv_Sales_1,,TV Sales 1 diffrence,temp,tv_spend,radioSpend,TV+Radio,Week,adstock_TV_1,tv_Sales_2,tv_Sales_2 diff,tv_Radio_Sales_1,tv_Radio_Sales_1 diff,tv_Radio_Sales_2,tv_Radio_Sales_2 diff,,tv_Sales_2_Adstock,tv_Radio_Sales_1_Adstock,tv_Radio_Sales_2_Adstock,Dummy
1,999.4204809,999.4204809,,16.6089081,1.204758707,0,0,0,1,0,1003.276688,5.045595,1008.322089,-3.996524,1007.48546,-1.537167,,0,0,0,a
2,1016.029389,1016.029389,,4.851358,2.391967106,0,0,0,2,0,1008.322283,3.434901,1004.325565,14.986467,1005.948293,12.760049,,0,0,0,a
3,1020.880747,1020.880747,,-0.649817,3.544330553,0,0,0,3,0,1011.757184,8.367518,1019.312032,3.957256,1018.708342,-2.232703,,0,0,0,a
4,1020.23093,1020.23093,,11.027215,4.645062004,0,0,0,4,0,1020.124702,17.890143,1023.269288,7.181597,1016.475639,5.12543,,0,0,0,a
5,1031.258145,1031.258145,,4.602775,5.67812657,0,0,0,5,0,1038.014845,-7.946492,1030.450885,-6.967928,1021.601069,6.371475,,0,0,0,a
6,1035.86092,1035.86092,,-12.440631,6.628475092,0,0,0,6,0,1030.068353,10.554102,1023.482957,1.922164,1027.972544,6.30292,,0,0,0,a
7,1023.420289,1023.420289,,15.80365,7.482263381,0,0,0,7,0,1040.622455,1.763782,1025.405121,12.501766,1034.275464,-0.242814,,0,0,0,a
8,1039.223939,1039.223939,,-1.520714,8.227053885,0,0,0,8,0,1042.386237,5.456447,1037.906887,11.374314,1034.03265,9.630376,,0,0,0,a
9,1037.703225,1037.703225,,2.391396,8.851996877,0,0,0,9,0,1047.842684,-10.193922,1049.281201,6.191667,1043.663026,3.81894,,0,0,0,a
10,1040.094621,1040.094621,,-0.942094,9.347988508,0,0,0,10,0,1037.648762,6.179909,1055.472868,-2.318109,1047.481966,-14.40031,,0,0,0,a
11,1039.152527,1039.152527,,12.167295,9.707803425,0,0,0,11,0,1043.828671,0.996719,1053.154759,-0.217494,1033.081656,11.69392,,0,0,0,a
12,1051.319822,1051.319822,,-1.837696,9.926200029,0,0,0,12,0,1044.82539,6.02695,1052.937265,2.815779,1044.775576,3.72732,,0,0,0,a
13,1049.482126,1049.482126,,1.062779,9.999996829,0,0,0,13,0,1050.85234,-4.316263,1055.753044,-1.178625,1048.502896,-4.087485,,0,0,0,a
14,1050.544905,1050.544905,,-3.317399,9.928118792,0,0,0,14,0,1046.536077,-4.309236,1054.574419,-7.056934,1044.415411,11.784846,,0,0,0,a
15,1047.227506,1047.227506,,5.973002,9.711613,0,0,0,15,0,1042.226841,5.898542,1047.517485,-1.019506,1056.200257,-4.442089,,0,0,0,a
16,1053.200508,1053.200508,,-11.57604,9.353633399,0,0,0,16,0,1048.125383,0.754524,1046.497979,-0.970896,1051.758168,-7.0763,,0,0,0,a
17,1041.624468,1041.624468,,5.833946,8.859394851,0,0,0,17,0,1048.879907,-4.976366,1045.527083,0.674211,1044.681868,5.445743,,0,0,0,a
18,1047.458414,1047.458414,,3.737629,8.236097173,0,0,0,18,0,1043.903541,-0.152937,1046.201294,-0.14408,1050.127611,-6.766932,,0,0,0,a
19,1051.196043,1051.196043,,15.634198,7.492820245,0,0,0,19,0,1043.750604,25.701273,1046.057214,24.941499,1043.360679,36.078534,,0,0,0,a
20,1037.437498,1066.830241,29.392743,11.673451,6.640391745,390,0,390,20,0.979758089,1069.451877,1.156096,1070.998713,2.5516,1079.439213,-13.448325,,0.979758089,0.979758089,0.979758089,a
21,1042.148419,1078.503692,36.355273,-21.078827,5.691229415,250,0,250,21,1.211842428,1070.607973,-5.984709,1073.550313,-11.113046,1065.990888,0.696479,,0.97452353,1.211842428,0.97452353,a
22,1027.554666,1057.424865,29.870199,2.567438,4.659160168,100,0,100,22,0.995673287,1064.623264,-6.631347,1062.437267,-2.245294,1066.687367,-17.471892,,0.826226057,0.995673287,0.826226057,a
23,1034.511112,1059.992303,25.481191,5.819298,3.559218658,80,0,80,23,0.849373022,1057.991917,-19.062173,1060.191973,-3.003658,1049.215475,-9.092782,,0.667128916,0.849373022,0.667128916,a
24,1037.203071,1065.811601,28.60853,-23.50883,2.407428273,120,0,120,24,0.953617695,1038.929744,16.985346,1057.188315,-2.047236,1040.122693,-4.9121,,0.763072241,0.953617695,0.763072241,a
25,1020.184561,1042.302771,22.11821,-12.853033,1.220567704,60,0,60,25,0.737273672,1055.91509,-29.578984,1055.141079,-29.569527,1035.210593,-11.903659,,0.617107114,0.737273672,0.617107114,a
26,1022.814275,1029.449738,,-15.713935,0.015926529,0,0,0,26,0.221182102,1026.336106,-1.518685,1025.571552,-2.69981,1023.306934,-5.207932,,0.164729789,0.221182102,0.164729789,a
27,1011.745164,1013.735803,,-1.612993,-1.188946655,0,0,0,27,0.066354631,1024.817421,-13.503655,1022.871742,-12.243,1018.099002,-11.569659,,0,0.066354631,0,a
28,1011.525618,1012.12281,,0.200211,-2.376499873,0,0,0,28,0.019906389,1011.313766,-6.92646,1010.628742,0.420902,1006.529343,-0.500213,,0,0.019906389,0,a
29,1012.143863,1012.323021,,-5.304742,-3.529433456,0,0,0,29,0.005971917,1004.387306,4.026706,1011.049644,-6.736103,1006.02913,-6.293435,,0,0.005971917,0,a
30,1006.964532,1007.018279,,-2.886134,-4.630952059,0,0,0,30,0.001791575,1008.414012,-9.3534823,1004.313541,-0.404822,999.735695,15.12475,,0,0.001791575,0,a
31,1004.116021,1004.132145,,-0.747556,-5.665009321,0,0,0,31,0.000537473,999.0605297,-5.4325313,1003.908719,-8.3213077,1014.860445,-13.49582,,0,0.000537473,0,a
32,1003.379752,1003.384589,,1.867904,-6.616541626,0,0,0,32,0.000161242,993.6279984,1.1066939,995.5874113,-1.4172246,1001.364625,-9.055282,,0,0.000161242,0,a
33,1005.251042,1005.252493,,-2.45871,-7.471687538,0,0,0,33,4.84E-05,994.7346923,6.1358317,994.1701867,2.9172586,992.309343,4.3960932,,0,4.84E-05,0,a
34,1002.793348,1002.793783,,-8.5985457,-8.217989729,0,0,0,34,1.45E-05,1000.870524,-9.4039685,997.0874453,-10.8718874,996.7054362,-2.8249615,,0,1.45E-05,0,a
35,994.1951067,994.1952373,,-4.121935,-8.84457645,0,0,0,35,4.35E-06,991.4665555,-6.6866263,986.2155579,10.7029135,993.8804747,-8.0312685,,0,4.35E-06,0,a
36,990.0732632,990.0733023,,1.9140466,-9.342319907,0,0,0,36,1.31E-06,984.7799292,8.4232629,996.9184714,-11.4326933,985.8492062,0.0275117,,0,1.31E-06,0,a
37,991.9873372,991.9873489,,-2.6374798,-9.703969227,0,0,0,37,3.92E-07,993.2031921,-8.1162283,985.4857781,11.2332665,985.8767179,-1.6361783,,0,3.92E-07,0,a
38,989.3498655,989.3498691,,11.4782269,-9.924256088,0,0,0,38,1.18E-07,985.0869638,3.0743891,996.7190446,-3.0041883,984.2405396,9.9030295,,0,1.18E-07,0,a
39,1000.828095,1000.828096,,-5.175979,-9.999971464,0,0,0,39,3.53E-08,988.1613529,-2.6554815,993.7148563,-1.2389819,994.1435691,-2.6306608,,0,3.53E-08,0,a
40,995.6521167,995.652117,,3.1223988,-9.930012372,0,0,0,40,1.06E-08,985.5058714,11.0676535,992.4758744,16.0143146,991.5129083,11.5098747,,0,1.06E-08,0,a
41,998.7745157,998.7745158,,1.7439742,-9.715397941,0,100,100,41,3.17E-09,996.5735249,10.3158461,1008.490189,-4.245382,1003.022783,5.264102,,0,3.17E-09,0,a
42,1000.51849,1000.51849,,-2.6278094,-9.359254563,0,100,100,42,9.52E-10,1006.889371,-5.694911,1004.244807,4.450737,1008.286885,-1.211719,,0,9.52E-10,0,a
43,997.8906805,997.8906806,,2.1858724,-8.866770353,0,80,80,43,2.86E-10,1001.19446,-3.1901639,1008.695544,4.399826,1007.075166,6.435295,,0,2.86E-10,0,a
44,1000.076553,1000.076553,,7.544243,-8.245119569,0,80,80,44,8.57E-11,998.0042961,8.3165359,1013.09537,-9.681896,1013.510461,-12.487821,,0,8.57E-11,0,a
45,1007.620796,1007.620796,,4.097686,-7.503358102,0,0,0,45,2.57E-11,1006.320832,7.09921,1003.413474,4.57196,1001.02264,10.236111,,0,2.57E-11,0,a
46,1011.718482,1011.718482,,1.509985,-6.652291553,0,0,0,46,7.71E-12,1013.420042,-5.914166,1007.985434,6.986829,1011.258751,10.073166,,0,7.71E-12,0,a
47,1013.228467,1013.228467,,0.095204,-5.704317825,0,0,0,47,2.31E-12,1007.505876,11.765225,1014.972263,-2.753518,1021.331917,1.77534,,0,2.31E-12,0,a
48,1013.323671,1013.323671,,12.585082,-4.673246513,0,0,0,48,6.94E-13,1019.271101,3.280694,1012.218745,12.521816,1023.107257,-3.251252,,0,6.94E-13,0,a
49,1025.908753,1025.908753,,-4.478843,-3.574097736,0,0,0,49,2.08E-13,1022.551795,2.597624,1024.740561,6.700653,1019.856005,1.005931,,0,2.08E-13,0,a
50,1021.42991,1021.42991,,4.655064,-2.422883333,0,0,0,50,6.25E-14,1025.149419,4.196811,1031.441214,6.039608,1020.861936,28.793133,,0,6.25E-14,0,a
51,1026.084974,1026.084974,,22.630719,-1.236373604,0,0,0,51,1.87E-14,1029.34623,8.80014,1037.480822,-1.536106,1049.655069,-17.535599,,0,1.87E-14,0,a
52,1048.715693,1048.715693,,-6.235427,-0.031853018,0,0,0,52,5.62E-15,1038.14637,11.055149,1035.944716,3.323247,1032.11947,12.227653,,0,5.62E-15,0,a
53,1042.480266,1042.480266,,2.853866,1.173131587,0,0,0,53,1.69E-15,1049.201519,7.192549,1039.267963,14.91536,1044.347123,10.103226,,0,1.69E-15,0,a
54,1045.334132,1045.334132,,21.765631,2.361026611,0,0,0,54,5.06E-16,1056.394068,1.324953,1054.183323,-2.778566,1054.450349,1.522632,,0,5.06E-16,0,a
55,1067.099763,1067.099763,,-6.289456,3.514527407,0,0,0,55,1.52E-16,1057.719021,6.729384,1051.404757,11.547459,1055.972981,-4.61021,,0,1.52E-16,0,a
56,1060.810307,1060.810307,,8.503665,4.616830367,0,0,0,56,4.55E-17,1064.448405,9.389009,1062.952216,4.20569,1051.362771,13.402908,,0,4.55E-17,0,a
57,1069.313972,1069.313972,,-2.668985,5.651877704,0,0,0,57,1.37E-17,1073.837414,-6.414926,1067.157906,12.346817,1064.765679,12.339867,,0,1.37E-17,0,a
58,1066.644987,1066.644987,,7.484541,6.604591378,0,0,0,58,4.10E-18,1067.422488,7.833573,1079.504723,-7.728843,1077.105546,6.586999,,0,4.10E-18,0,a
59,1074.129528,1074.129528,,26.849309,7.461092744,0,0,0,59,1.23E-18,1075.256061,41.259261,1071.77588,30.030879,1083.692545,18.939113,,0,1.23E-18,0,a
60,1073.441387,1100.978837,,18.842039,8.208904728,250,0,250,60,0.917915001,1116.515322,-8.792741,1101.806759,18.859777,1102.631658,16.342957,,0.917915001,0.917915001,0.917915001,a
61,1084.883736,1119.820876,,-9.414762,8.837133588,220,0,220,61,1.164571342,1107.722581,-6.879958,1120.666536,-9.75298,1118.974615,-13.386269,,0.947660294,1.164571342,0.947660294,a
62,1080.961355,1110.406114,,8.167454,9.336627608,100,0,100,62,0.981491961,1100.842623,8.523232,1110.913556,15.753293,1105.588346,10.685702,,0.80986102,0.981491961,0.80986102,a
63,1090.776523,1118.573568,,3.195149,9.700110413,100,0,100,63,0.926568147,1109.365855,6.349521,1126.666849,-16.160264,1116.274048,-10.356747,,0.727468207,0.926568147,0.727468207,a
64,1092.46543,1121.768717,,0.984543,9.922286973,120,0,120,64,0.976776232,1115.715376,-2.882358,1110.506585,8.626079,1105.917301,9.700774,,0.77686984,0.976776232,0.77686984,a
65,1092.998101,1122.75326,,-15.646651,9.999920733,120,0,120,65,0.991838658,1112.833018,-6.321643,1119.132664,-16.524301,1115.618075,-16.714876,,0.789863929,0.991838658,0.789863929,a
66,1098.180061,1107.106609,,-14.511147,9.931880764,0,0,0,66,0.297551597,1106.511375,-25.169679,1102.608363,-10.373548,1098.903199,-6.300005,,0.302323674,0.297551597,0.302323674,a
67,1089.917498,1092.595462,,2.039427,9.719158238,0,0,0,67,0.089265479,1081.341696,12.015118,1092.234815,-3.085383,1092.603194,-0.257386,,0,0.089265479,0,a
68,1093.8315,1094.634889,,-5.711451,9.364851987,0,0,0,68,0.026779644,1093.356814,-4.182365,1089.149432,3.040014,1092.345808,-2.805457,,0,0.026779644,0,a
69,1088.682421,1088.923438,,-0.741841,8.874123364,0,0,0,69,0.008033893,1089.174449,-0.703993,1092.189446,-3.86591,1089.540351,1.234332,,0,0.008033893,0,a
70,1088.109292,1088.181597,,0.512141,8.254121052,0,0,0,70,0.002410168,1088.470456,-8.376325,1088.323536,-3.683455,1090.774683,-10.443853,,0,0.002410168,0,a
71,1088.672047,1088.693738,,-11.991598,7.513876927,0,0,0,71,0.00072305,1080.094131,9.96278,1084.640081,-4.463472,1080.33083,5.270904,,0,0.00072305,0,a
72,1076.695633,1076.70214,,0.695932,6.664174488,0,0,0,72,0.000216915,1090.056911,-4.955578,1080.176609,7.658923,1085.601734,-3.565652,,0,0.000216915,0,a
73,1077.396119,1077.398072,,-1.241703,5.717391765,0,0,0,73,6.51E-05,1085.101333,-7.567592,1087.835532,-3.395907,1082.036082,5.900233,,0,6.51E-05,0,a
74,1076.155783,1076.156369,,-8.049668,4.687321004,0,0,0,74,1.95E-05,1077.533741,-9.043792,1084.439625,-11.426786,1087.936315,-8.440495,,0,1.95E-05,0,a
75,1068.106526,1068.106701,,7.218745,3.588967748,0,0,0,75,5.86E-06,1068.489949,-0.339959,1073.012839,-1.57021,1079.49582,-3.728888,,0,5.86E-06,0,a
76,1075.325393,1075.325446,,-11.93559,2.438332247,0,0,0,76,1.76E-06,1068.14999,-2.890119,1071.442629,-10.31992,1075.766932,-10.27782,,0,1.76E-06,0,a
77,1063.38984,1063.389856,,-5.34078,1.252176369,0,0,0,77,5.27E-07,1065.259871,-0.293228,1061.122709,-6.557483,1065.489112,-4.258032,,0,5.27E-07,0,a
78,1058.049071,1058.049076,,-5.032126,0.047779426,0,0,0,78,1.58E-07,1064.966643,-6.178151,1054.565226,1.135714,1061.23108,-4.127951,,0,1.58E-07,0,a
79,1053.016949,1053.01695,,-0.690715,-1.157313543,0,0,0,79,4.74E-08,1058.788492,-4.434637,1055.70094,0.235894,1057.103129,-2.923269,,0,4.74E-08,0,a
80,1052.326234,1052.326235,,-1.853372,-2.34554736,0,0,0,80,1.42E-08,1054.353855,-19.665082,1055.936834,-1.27269,1054.17986,-2.880747,,0,1.42E-08,0,a
81,1050.472863,1050.472863,,-3.240998,-3.499612444,0,0,0,81,4.27E-09,1034.688773,16.619276,1054.664144,-0.185787,1051.299113,-3.308431,,0,4.27E-09,0,a
82,1047.231864,1047.231865,,-6.717705,-4.602696964,0,0,0,82,1.28E-09,1051.308049,-1.399712,1054.478357,-9.114011,1047.990682,-4.322343,,0,1.28E-09,0,a
83,1040.51416,1040.51416,,-4.853474,-5.638731749,0,0,0,83,3.84E-10,1049.908337,-7.315313,1045.364346,-5.281217,1043.668339,0.777429,,0,3.84E-10,0,a
84,1035.660686,1035.660686,,7.368161,-6.592624376,0,0,0,84,1.15E-10,1042.593024,-10.072167,1040.083129,-0.59079,1044.445768,-3.142445,,0,1.15E-10,0,a
85,1043.028847,1043.028847,,-7.109032,-7.450479023,0,0,0,85,3.46E-11,1032.520857,6.45278,1039.492339,0.698943,1041.303323,-0.520062,,0,3.46E-11,0,a
86,1035.919815,1035.919815,,-1.502684,-8.199798904,0,0,0,86,1.04E-11,1038.973637,-2.881,1040.191282,-9.393347,1040.783261,0.631536,,0,1.04E-11,0,a
87,1034.417131,1034.417131,,-3.258751,-8.82966831,0,0,0,87,3.11E-12,1036.092637,-1.084368,1030.797935,3.225013,1041.414797,-9.061208,,0,3.11E-12,0,a
88,1031.15838,1031.15838,,6.001253,-9.330911626,0,0,0,88,9.34E-13,1035.008269,2.876406,1034.022948,-0.017163,1032.353589,6.840444,,0,9.34E-13,0,a
89,1037.159633,1037.159633,,-4.519701,-9.696226995,0,0,0,89,2.80E-13,1037.884675,-9.3179,1034.005785,-4.027564,1039.194033,-8.352957,,0,2.80E-13,0,a
90,1032.639932,1032.639932,,1.209822,-9.92029269,0,0,0,90,8.40E-14,1028.566775,1.95002,1029.978221,7.849953,1030.841076,0.344074,,0,8.40E-14,0,a
91,1033.849754,1033.849754,,-5.839425,-9.999844637,0,0,0,91,2.52E-14,1030.516795,-0.407415,1037.828174,8.003394,1031.18515,20.452827,,0,2.52E-14,0,a
92,1028.010329,1028.010329,,4.209014,-9.933723964,0,100,100,92,7.56E-15,1030.10938,11.624768,1045.831568,-8.66322,1051.637977,2.842143,,0,7.56E-15,0,a
93,1032.219343,1032.219343,,14.077517,-9.722893882,0,100,100,93,2.27E-15,1041.734148,1.840135,1037.168348,9.843917,1054.48012,-10.074396,,0,2.27E-15,0,a
94,1046.29686,1046.29686,,-8.23955,-9.370425657,0,80,80,94,6.81E-16,1043.574283,-4.255564,1047.012265,-3.535599,1044.405724,10.627095,,0,6.81E-16,0,a
95,1038.05731,1038.05731,,21.498737,-8.881453865,0,80,80,95,2.04E-16,1039.318719,0.277906,1043.476666,-5.839932,1055.032819,-6.841465,,0,2.04E-16,0,a
96,1059.556047,1059.556047,,-16.108676,-8.263101597,0,0,0,96,6.13E-17,1039.596625,7.323917,1037.636734,9.998086,1048.191354,-1.885671,,0,6.13E-17,0,a
97,1043.447371,1043.447371,,7.865378,-7.524376693,0,0,0,97,1.84E-17,1046.920542,-3.454989,1047.63482,10.710959,1046.305683,3.925388,,0,1.84E-17,0,a
98,1051.312749,1051.312749,,7.536786,-6.676040519,0,0,0,98,5.51E-18,1043.465553,13.173064,1058.345779,-4.922092,1050.231071,13.590992,,0,5.51E-18,0,a
99,1058.849535,1058.849535,,20.470866,-5.730451203,0,0,0,99,1.65E-18,1056.638617,17.051547,1053.423687,25.485329,1063.822063,18.095641,,0,1.65E-18,0,a
100,1060.356785,1079.320401,,18.224664,-4.701383605,100,0,100,100,0.632120559,1073.690164,8.021947,1078.909016,9.566016,1081.917704,1.463095,,0.632120559,0.632120559,0.632120559,a
101,1075.335849,1097.545065,,-6.087844,-3.603828656,80,0,80,101,0.740307204,1081.712111,5.845709,1088.475032,5.813763,1083.380799,-3.570982,,0.667128916,0.740307204,0.667128916,a
102,1071.258805,1091.457221,,10.610202,-2.453774976,60,0,60,102,0.673280525,1087.55782,10.950742,1094.288795,9.898215,1079.809817,13.627035,,0.568289477,0.673280525,0.568289477,a
103,1077.044281,1102.067423,,-12.881633,-1.267975957,100,0,100,103,0.834104716,1098.508562,-7.641756,1104.18701,-6.448709,1093.436852,-5.37872,,0.692721261,0.834104716,0.692721261,a
104,1081.678848,1089.18579,,-2.49286,-0.063705713,0,0,0,104,0.250231415,1090.866806,-4.504997,1097.738301,-15.576593,1088.058132,-5.731226,,0.259181779,0.250231415,0.259181779,a
105,1084.440848,1086.69293,,6.21921,1.141492564,0,0,0,105,0.075069424,1086.361809,7.768617,1082.161708,16.624882,1082.326906,10.503193,,0,0.075069424,0,a
106,1092.236515,1092.91214,,14.35229,2.33006216,0,0,0,106,0.022520827,1094.130426,3.253275,1098.78659,6.252765,1092.830099,11.704359,,0,0.022520827,0,a
107,1107.061742,1107.26443,,-11.454452,3.484688603,0,0,0,107,0.006756248,1097.383701,14.647434,1105.039355,2.934646,1104.534458,0.111378,,0,0.006756248,0,a
108,1095.749171,1095.809978,,16.456218,4.588551886,0,0,0,108,0.002026874,1112.031135,-4.008272,1107.974001,-1.309983,1104.645836,2.474541,,0,0.002026874,0,a
109,1112.247954,1112.266196,,-7.148359,5.625571492,0,0,0,109,0.000608062,1108.022863,-1.924346,1106.664018,7.742225,1107.120377,10.557255,,0,0.000608062,0,a
110,1105.112365,1105.117837,,12.095955,6.580640651,0,0,0,110,0.000182419,1106.098517,12.953269,1114.406243,-3.281489,1117.677632,-4.793702,,0,0.000182419,0,a
111,1117.212151,1117.213792,,-2.404725,7.439846404,0,0,0,111,5.47E-05,1119.051786,4.235511,1111.124754,7.000854,1112.88393,7.057726,,0,5.47E-05,0,a
112,1114.808575,1114.809067,,4.953732,8.190672282,0,0,0,112,1.64E-05,1123.287297,4.148584,1118.125608,4.494089,1119.941656,2.215046,,0,1.64E-05,0,a
113,1119.762651,1119.762799,,12.507278,8.822180636,0,0,0,113,4.93E-06,1127.435881,7.19804,1122.619697,4.13222,1122.156702,11.72053,,0,4.93E-06,0,a
114,1132.270032,1132.270077,,-3.786195,9.325171976,0,0,0,114,1.48E-06,1134.633921,-1.166046,1126.751917,-1.410652,1133.877232,10.245584,,0,1.48E-06,0,a
115,1128.483869,1128.483882,,10.912055,9.692318982,0,0,0,115,4.43E-07,1133.467875,-7.368689,1125.341265,7.022268,1144.122816,-5.218909,,0,4.43E-07,0,a
116,1139.395933,1139.395937,,-6.709887,9.918273244,0,0,0,116,1.33E-07,1126.099186,-1.07585,1132.363533,3.071403,1138.903907,-14.570815,,0,1.33E-07,0,a
117,1132.686049,1132.68605,,-7.452012,9.999743176,0,0,0,117,3.99E-08,1125.023336,8.482354,1135.434936,2.780469,1124.333092,4.300931,,0,3.99E-08,0,a
118,1125.234037,1125.234038,,6.37173,9.935541966,0,0,0,118,1.20E-08,1133.50569,-3.460719,1138.215405,-6.418896,1128.634023,4.382592,,0,1.20E-08,0,a
119,1131.605768,1131.605768,,4.01882,9.726604863,0,0,0,119,3.59E-09,1130.044971,8.658026,1131.796509,5.7533,1133.016615,-2.291309,,0,3.59E-09,0,a
120,1135.624588,1135.624588,,-4.612804,9.375975558,0,0,0,120,1.08E-09,1138.702997,-9.135509,1137.549809,5.936764,1130.725306,7.240583,,0,1.08E-09,0,a
121,1131.011784,1131.011784,,-1.984906,8.888761838,0,0,0,121,3.23E-10,1129.567488,-1.917581,1143.486573,-8.52058,1137.965889,-6.484636,,0,3.23E-10,0,a
122,1129.026878,1129.026878,,-0.93322,8.272061183,0,0,0,122,9.69E-11,1127.649907,-0.129182,1134.965993,-1.571151,1131.481253,-3.712866,,0,9.69E-11,0,a
123,1128.093658,1128.093658,,-4.325515,7.534857373,0,0,0,123,2.91E-11,1127.520725,-2.048116,1133.394842,-5.573014,1127.768387,-0.366454,,0,2.91E-11,0,a
124,1123.768143,1123.768143,,-4.758118,6.687889616,0,0,0,124,8.73E-12,1125.472609,-13.705497,1127.821828,-8.937298,1127.401933,3.186505,,0,8.73E-12,0,a
125,1119.010025,1119.010025,,6.911291,5.743496105,0,0,0,125,2.62E-12,1111.767112,2.004165,1118.88453,-0.383033,1130.588438,-10.452227,,0,2.62E-12,0,a
126,1125.921316,1125.921316,,-10.882224,4.715434281,0,0,0,126,7.85E-13,1113.771277,0.64652,1118.501497,-2.166577,1120.136211,-6.886796,,0,7.85E-13,0,a
127,1115.039092,1115.039092,,-0.447679,3.618680423,0,0,0,127,2.36E-13,1114.417797,-4.25311,1116.33492,-1.650692,1113.249415,-5.04927,,0,2.36E-13,0,a
128,1114.591413,1114.591413,,-4.884482,2.469211481,0,0,0,128,7.07E-14,1110.164687,-9.6484,1114.684228,-5.243677,1108.200145,4.788898,,0,7.07E-14,0,a
129,1109.706931,1109.706931,,-10.530091,1.283772329,0,0,0,129,2.12E-14,1100.516287,4.490743,1109.440551,1.358017,1112.989043,-17.597837,,0,2.12E-14,0,a
130,1099.17684,1099.17684,,4.005878,0.079631838,0,0,0,130,6.36E-15,1105.00703,-0.286449,1110.798568,-13.360661,1095.391206,3.445981,,0,6.36E-15,0,a
131,1103.182718,1103.182718,,0.121534,-1.125668689,0,0,0,131,1.91E-15,1104.720581,-5.428192,1097.437907,-0.388826,1098.837187,1.143446,,0,1.91E-15,0,a
132,1103.304252,1103.304252,,-16.448884,-2.31457105,0,0,0,132,5.72E-16,1099.292389,-6.245706,1097.049081,2.258794,1099.980633,-5.569486,,0,5.72E-16,0,a
133,1086.855368,1086.855368,,3.327485,-3.469755924,0,0,0,133,1.72E-16,1093.046683,-13.989528,1099.307875,-20.700877,1094.411147,-5.795787,,0,1.72E-16,0,a
134,1090.182853,1090.182853,,-2.749623,-4.574395169,0,0,0,134,5.15E-17,1079.057155,7.084722,1078.606998,7.586928,1088.61536,-15.369777,,0,5.15E-17,0,a
135,1087.43323,1087.43323,,-20.678692,-5.612396966,0,0,0,135,1.55E-17,1086.141877,-6.833446,1086.193926,1.409202,1073.245583,8.96185,,0,1.55E-17,0,a
136,1066.754538,1066.754538,,10.559693,-6.568640235,0,0,0,136,4.64E-18,1079.308431,-2.805993,1087.603128,-8.118023,1082.207433,1.524787,,0,4.64E-18,0,a
137,1077.314231,1077.314231,,-1.58511,-7.429194914,0,0,0,137,1.39E-18,1076.502438,2.998377,1079.485105,5.678711,1083.73222,-10.052659,,0,1.39E-18,0,a
138,1075.729121,1075.729121,,4.144988,-8.181524883,0,0,0,138,4.17E-19,1079.500815,-4.604073,1085.163816,-4.631113,1073.679561,-4.842266,,0,4.17E-19,0,a
139,1079.874109,1079.874109,,-8.51602,-8.814670583,0,0,0,139,1.25E-19,1074.896742,-5.178116,1080.532703,-13.842554,1068.837295,1.660718,,0,1.25E-19,0,a
140,1071.358089,1071.358089,,-2.369879,-9.319408672,0,0,0,140,3.76E-20,1069.718626,3.424873,1066.690149,13.763352,1070.498013,2.049253,,0,3.76E-20,0,a
141,1068.98821,1068.98821,,2.995992,-9.688386384,0,0,0,141,1.13E-20,1073.143499,-7.828238,1080.453501,-6.918578,1072.547266,-3.960092,,0,1.13E-20,0,a
142,1071.984202,1071.984202,,4.114751,-9.916228639,0,0,0,142,3.38E-21,1065.315261,9.100275,1073.534923,-2.052371,1068.587174,10.732082,,0,3.38E-21,0,a
143,1076.098953,1076.098953,,-5.140906,-9.99961635,0,0,0,143,1.01E-21,1074.415536,1.552215,1071.482552,19.147942,1079.319256,2.412355,,0,1.01E-21,0,a
144,1070.958047,1070.958047,,-2.495765,-9.937334766,0,100,100,144,3.04E-22,1075.967751,2.736698,1090.630494,-2.194637,1081.731611,-2.859966,,0,3.04E-22,0,a
145,1068.462282,1068.462282,,9.095212,-9.730291173,0,100,100,145,9.13E-23,1078.704449,3.729657,1088.435857,4.673523,1078.871645,13.436986,,0,9.13E-23,0,a
146,1077.557494,1077.557494,,7.367321,-9.381501677,0,80,80,146,2.74E-23,1082.434106,3.054104,1093.10938,-20.710993,1092.308631,-7.363006,,0,2.74E-23,0,a
147,1084.924815,1084.924815,,0.706202,-8.896047264,0,0,0,147,8.21E-24,1085.48821,-6.456463,1072.398387,9.577111,1084.945625,9.539202,,0,8.21E-24,0,a
148,1085.631017,1085.631017,,1.188599,-8.280999786,0,0,0,148,2.46E-24,1079.031747,16.034497,1081.975498,13.238306,1094.484827,-2.375227,,0,2.46E-24,0,a
149,1086.819616,1086.819616,,33.022793,-7.54531894,0,0,0,149,7.39E-25,1095.066244,32.223554,1095.213804,32.45216,1092.1096,33.401973,,0,7.39E-25,0,a
150,1090.044548,1119.842409,,7.931189,-6.699721749,500,0,500,150,0.993262053,1127.289798,6.993897,1127.665964,-4.835392,1125.511573,5.999284,,0.993262053,0.993262053,0.993262053,a
151,1092.894298,1127.773598,,14.293815,-5.756526439,200,0,200,151,1.162643333,1134.283695,-4.889139,1122.830572,15.810445,1131.510857,-4.804874,,0.969802617,1.162643333,0.969802617,a
152,1105.663682,1142.067413,,-14.612186,-4.729472996,200,0,200,152,1.213457717,1129.394556,2.523221,1138.641017,8.019454,1126.705983,18.900411,,0.925726422,1.213457717,0.925726422,a
153,1097.57049,1127.455227,,22.405676,-3.633523012,100,0,100,153,0.996157874,1131.917777,-0.070668,1146.660471,-9.758473,1145.606394,-8.160233,,0.798103482,0.996157874,0.798103482,a
154,1119.931309,1149.860903,,-3.121255,-2.484641722,120,0,120,154,0.99765315,1131.847109,7.506185,1136.901998,13.301117,1137.446161,-1.656996,,0.77686984,0.99765315,0.77686984,a
155,1116.796596,1146.739648,,-13.460837,-1.299565444,120,0,120,155,0.998101733,1139.353294,-4.602079,1150.203115,-20.629575,1135.789165,-3.761884,,0.789863929,0.998101733,0.789863929,a
156,1124.295895,1133.278811,,3.929061,-0.095557761,0,0,0,156,0.29943052,1134.751215,-1.692857,1129.57354,4.200616,1132.027281,6.100341,,0.302323674,0.29943052,0.302323674,a
157,1134.512998,1137.207872,,-5.836124,1.109841958,0,0,0,157,0.089829156,1133.058358,3.536691,1133.774156,6.695218,1138.127622,2.181127,,0,0.089829156,0,a
158,1130.563285,1131.371748,,13.9104,2.299074068,0,0,0,158,0.026948747,1136.595049,5.604807,1140.469374,1.777317,1140.308749,-11.589618,,0,0.026948747,0,a
159,1145.03961,1145.282148,,-3.381022,3.454814443,0,0,0,159,0.008084624,1142.199856,7.022792,1142.246691,16.189276,1128.719131,19.252857,,0,0.008084624,0,a
160,1141.828364,1141.901126,,10.10345,4.560226849,0,0,0,160,0.002425387,1149.222648,4.469219,1158.435967,-6.643262,1147.971988,-9.734039,,0,0.002425387,0,a
161,1151.982747,1152.004576,,-3.215433,5.599208203,0,0,0,161,0.000727616,1153.691867,1.210661,1151.792705,0.282664,1138.237949,10.617849,,0,0.000727616,0,a
162,1148.782595,1148.789143,,4.807529,6.556623157,0,0,0,162,0.000218285,1154.902528,9.767003,1152.075369,6.187902,1148.855798,11.796049,,0,0.000218285,0,a
163,1153.594707,1153.596672,,1.227303,7.418524579,0,0,0,163,6.55E-05,1164.669531,-3.644677,1158.263271,2.53936,1160.651847,7.81797,,0,6.55E-05,0,a
164,1154.823385,1154.823975,,14.726159,8.172356731,0,0,0,164,1.96E-05,1161.024854,2.827012,1160.802631,7.220097,1168.469817,4.255091,,0,1.96E-05,0,a
165,1169.549957,1169.550134,,-1.262404,8.807138172,0,0,0,165,5.89E-06,1163.851866,2.911263,1168.022728,2.040222,1172.724908,-5.67734,,0,5.89E-06,0,a
166,1168.287677,1168.28773,,0.937258,9.313621729,0,0,0,166,1.77E-06,1166.763129,11.012812,1170.06295,2.538396,1167.047568,1.235295,,0,1.77E-06,0,a
167,1169.224972,1169.224988,,3.421469,9.684429211,0,0,0,167,5.30E-07,1177.775941,-12.215798,1172.601346,4.216813,1168.282863,8.847933,,0,5.30E-07,0,a
168,1172.646452,1172.646457,,7.804226,9.914158882,0,0,0,168,1.59E-07,1165.560143,5.550591,1176.818159,-2.102519,1177.130796,-3.217623,,0,1.59E-07,0,a
169,1180.450681,1180.450683,,-10.112571,9.99946416,0,0,0,169,4.77E-08,1171.110734,2.017685,1174.71564,-5.67205,1173.913173,13.617752,,0,4.77E-08,0,a
170,1170.338111,1170.338112,,-2.157391,9.939102359,0,0,0,170,1.43E-08,1173.128419,3.040606,1169.04359,7.10682,1187.530925,-17.620397,,0,1.43E-08,0,a
171,1168.180721,1168.180721,,12.703759,9.733952801,0,0,0,171,4.30E-09,1176.169025,-7.153022,1176.15041,-5.892817,1169.910528,5.691829,,0,4.30E-09,0,a
172,1180.88448,1180.88448,,-6.068656,9.387003999,0,0,0,172,1.29E-09,1169.016003,4.636409,1170.257593,5.673172,1175.602357,5.749494,,0,1.29E-09,0,a
173,1174.815824,1174.815824,,-1.048596,8.903310125,0,0,0,173,3.87E-10,1173.652412,-1.122723,1175.930765,5.021286,1181.351851,-6.907595,,0,3.87E-10,0,a
174,1173.767228,1173.767228,,-1.521918,8.289917384,0,0,0,174,1.16E-10,1172.529689,2.60648,1180.952051,-5.234934,1174.444256,-14.251474,,0,1.16E-10,0,a
175,1172.24531,1172.24531,,-15.085054,7.555761369,0,0,0,175,3.48E-11,1175.136169,-5.013353,1175.717117,-5.861293,1160.192782,9.257169,,0,3.48E-11,0,a
176,1157.160256,1157.160256,,10.398478,6.711536887,0,0,0,176,1.04E-11,1170.122816,-5.209869,1169.855824,-11.068999,1169.449951,-7.035338,,0,1.04E-11,0,a
177,1167.558734,1167.558734,,-12.699325,5.76954217,0,0,0,177,3.13E-12,1164.912947,-4.591763,1158.786825,6.607553,1162.414613,-5.450112,,0,3.13E-12,0,a
178,1154.859409,1154.859409,,-9.947117,4.743499715,0,0,0,178,9.40E-13,1160.321184,0.591343,1165.394378,-11.573061,1156.964501,-2.021976,,0,9.40E-13,0,a
179,1144.912292,1144.912292,,5.707266,3.648356383,0,0,0,179,2.82E-13,1160.912527,-4.295761,1153.821317,7.217067,1154.942525,-4.462906,,0,2.82E-13,0,a
180,1150.619558,1150.619558,,7.298095,2.500065662,0,0,0,180,8.46E-14,1156.616766,0.609691,1161.038384,-21.075939,1150.479619,-0.774826,,0,8.46E-14,0,a
181,1157.917653,1157.917653,,-7.513108,1.315355263,0,0,0,181,2.54E-14,1157.226457,-11.984348,1139.962445,4.327371,1149.704793,-5.119754,,0,2.54E-14,0,a
182,1150.404545,1150.404545,,-12.301379,0.111483442,0,0,0,182,7.61E-15,1145.242109,-11.786925,1144.289816,-1.265469,1144.585039,-5.456098,,0,7.61E-15,0,a
183,1138.103166,1138.103166,,-7.203218,-1.094012413,0,0,0,183,2.28E-15,1133.455184,-1.3934,1143.024347,-0.962232,1139.128941,-8.842495,,0,2.28E-15,0,a
184,1130.899948,1130.899948,,0.184079,-2.283571255,0,0,0,184,6.85E-16,1132.061784,8.255347,1142.062115,-10.545113,1130.286446,5.403319,,0,6.85E-16,0,a
185,1131.084027,1131.084027,,-5.339811,-3.439864199,0,0,0,185,2.06E-16,1140.317131,-11.86567,1131.517002,-1.465275,1135.689765,-7.183619,,0,2.06E-16,0,a
186,1125.744216,1125.744216,,-0.31179,-4.546046962,0,0,0,186,6.17E-17,1128.451461,-1.029136,1130.051727,3.436603,1128.506146,-5.602264,,0,6.17E-17,0,a
187,1125.432426,1125.432426,,8.640524,-5.586005238,0,0,0,187,1.85E-17,1127.422325,-6.5136,1133.48833,-14.24137,1122.903882,-8.966449,,0,1.85E-17,0,a
188,1134.07295,1134.07295,,-17.623363,-6.544589448,0,0,0,188,5.55E-18,1120.908725,2.652437,1119.24696,4.90742,1113.937433,5.771672,,0,5.55E-18,0,a
189,1116.449587,1116.449587,,-4.582707,-7.407835427,0,0,0,189,1.66E-18,1123.561162,-5.989248,1124.15438,4.982921,1119.709105,1.620743,,0,1.66E-18,0,a
190,1111.86688,1111.86688,,-5.948305,-8.16316785,0,0,0,190,4.99E-19,1117.571914,-12.035763,1129.137301,-12.712212,1121.329848,-8.16723,,0,4.99E-19,0,a
191,1105.918575,1105.918575,,6.621616,-8.799583421,0,0,0,191,1.50E-19,1105.536151,2.473279,1116.425089,-2.661804,1113.162618,7.70358,,0,1.50E-19,0,a
192,1112.540191,1112.540191,,5.147385,-9.307811162,0,0,0,192,4.49E-20,1108.00943,6.595808,1113.763285,2.726217,1120.866198,-2.099016,,0,4.49E-20,0,a
193,1117.687576,1117.687576,,-4.274742,-9.680447472,0,0,0,193,1.35E-20,1114.605238,-0.660808,1116.489502,-1.121016,1118.767182,-10.231697,,0,1.35E-20,0,a
194,1113.412834,1113.412834,,-5.171004,-9.912063977,0,0,0,194,4.04E-21,1113.94443,0.108592,1115.368486,-2.183395,1108.535485,6.602419,,0,4.04E-21,0,a
195,1108.24183,1108.24183,,2.158535,-9.999286605,0,0,0,195,1.21E-21,1114.053022,3.406302,1113.185091,2.997275,1115.137904,0.952804,,0,1.21E-21,0,a
196,1110.400365,1110.400365,,9.087375,-9.940844742,0,0,0,196,3.64E-22,1117.459324,-0.244283,1116.182366,7.336123,1116.090708,5.967371,,0,3.64E-22,0,a
197,1119.48774,1119.48774,,0.505119,-9.737589739,0,100,100,197,1.09E-22,1117.215041,2.612812,1123.518489,-0.188922,1122.058079,16.26846,,0,1.09E-22,0,a
198,1119.992859,1119.992859,,-0.693137,-9.39248251,0,100,100,198,3.28E-23,1119.827853,1.863079,1123.329567,2.351664,1138.326539,-8.306822,,0,3.28E-23,0,a
199,1119.299722,1119.299722,,35.542999,-8.910550402,0,80,80,199,9.83E-24,1121.690932,24.889773,1125.681231,38.893746,1130.019717,18.578019,,0,9.83E-24,0,a
200,1127.305271,1154.842721,,-0.823406,-8.298813954,250,80,330,200,0.917915001,1146.580705,22.320771,1164.574977,3.500199,1148.597736,2.824341,,0.917915001,0.917915001,0.917915001,a
201,1124.793907,1154.019315,,16.524137,-7.566184631,120,0,120,201,0.974180289,1168.901476,-12.722682,1168.075176,-6.09149,1151.422077,10.64503,,0.857725928,0.974180289,0.857725928,a
202,1135.835888,1170.543452,,-3.658192,-6.723335002,200,0,200,202,1.156918803,1156.178794,9.55781,1161.983686,4.73282,1162.067107,-1.431358,,0.905579777,1.156918803,0.905579777,a
203,1137.509374,1166.88526,,6.578815,-5.782543268,100,0,100,203,0.9791962,1165.736604,5.856528,1166.716506,12.128213,1160.635749,1.181797,,0.798103482,0.9791962,0.798103482,a
204,1143.687136,1173.464075,,7.749858,-4.757514402,120,0,120,204,0.992564648,1171.593132,0.626771,1178.844719,3.863695,1161.817546,10.978831,,0.77686984,0.992564648,0.77686984,a
205,1151.316678,1181.213933,,-18.313199,-3.6631805,120,0,120,205,0.996575182,1172.219903,-19.507822,1182.708414,-15.573082,1172.796377,-10.659438,,0.789863929,0.996575182,0.789863929,a
206,1153.931558,1162.900734,,-3.544295,-2.51548326,0,0,0,206,0.298972555,1152.712081,15.547418,1167.135332,-1.841243,1162.136939,-8.06155,,0.302323674,0.298972555,0.302323674,a
207,1156.665686,1159.356439,,0.305402,-1.331141746,0,0,0,207,0.089691766,1168.259499,-3.576668,1165.294089,2.616927,1154.075389,17.409073,,0,0.089691766,0,a
208,1158.854615,1159.661841,,9.360801,-0.12740884,0,0,0,208,0.02690753,1164.682831,-0.519501,1167.911016,5.581786,1171.484462,8.024186,,0,0.02690753,0,a
209,1168.780474,1169.022642,,2.728102,1.078180093,0,0,0,209,0.008072259,1164.16333,1.044478,1173.492802,7.36781,1179.508648,2.850105,,0,0.008072259,0,a
210,1171.678094,1171.750744,,14.242733,2.268062649,0,0,0,210,0.002421678,1165.207808,28.141762,1180.860612,5.611524,1182.358753,-9.876309,,0,0.002421678,0,a
211,1185.971682,1185.993477,,-2.618087,3.42490523,0,0,0,211,0.000726503,1193.34957,-16.946825,1186.472136,5.222572,1172.482444,9.731399,,0,0.000726503,0,a
212,1183.368852,1183.37539,,7.684413,4.531855543,0,0,0,212,0.000217951,1176.402745,19.065387,1191.694708,1.476418,1182.213843,12.029894,,0,0.000217951,0,a
213,1191.057841,1191.059803,,-3.224253,5.572788103,0,0,0,213,6.54E-05,1195.468132,2.127653,1193.171126,2.892915,1194.243737,3.814165,,0,6.54E-05,0,a
214,1187.834962,1187.83555,,10.181061,6.532539138,0,0,0,214,1.96E-05,1197.595785,5.470571,1196.064041,4.537285,1198.057902,-6.526319,,0,1.96E-05,0,a
215,1198.016435,1198.016611,,15.92949,7.397127485,0,0,0,215,5.88E-06,1203.066356,2.441088,1200.601326,4.436907,1191.531583,27.370217,,0,5.88E-06,0,a
216,1213.946048,1213.946101,,-5.363748,8.153958263,0,0,0,216,1.77E-06,1205.507444,-1.063355,1205.038233,14.270346,1218.9018,-12.142196,,0,1.77E-06,0,a
217,1208.582338,1208.582353,,4.027361,8.792006349,0,0,0,217,5.30E-07,1204.444089,-0.921511,1219.308579,-3.893342,1206.759604,1.73078,,0,5.30E-07,0,a
218,1212.609709,1212.609714,,1.272631,9.301976985,0,0,0,218,1.59E-07,1203.522578,15.325787,1215.415237,-0.85291,1208.490384,10.514776,,0,1.59E-07,0,a
219,1213.882343,1213.882345,,13.193246,9.676441179,0,0,0,219,4.77E-08,1218.848365,7.938921,1214.562327,13.12603,1219.00516,19.197443,,0,4.77E-08,0,a
220,1208.111974,1227.075591,,8.016736,9.90994393,100,0,100,220,0.632120573,1226.787286,7.546036,1227.688357,13.809144,1238.202603,-8.51549,,0.632120559,0.632120573,0.632120559,a
221,1210.439625,1235.092327,,6.03337,9.999083687,100,0,100,221,0.821756731,1234.333322,2.323329,1241.497501,-0.727026,1229.687113,5.546534,,0.727468207,0.821756731,0.727468207,a
222,1217.209755,1241.125697,,1.759811,9.942561909,80,0,80,222,0.797198055,1236.656651,-11.367501,1240.770475,-8.211448,1235.233647,-6.497632,,0.667128916,0.797198055,0.667128916,a
223,1222.175074,1242.885508,,-18.807279,9.741201976,60,0,60,223,0.69034778,1225.28915,-7.161966,1232.559027,-10.116016,1228.736015,-8.586893,,0.568289477,0.69034778,0.568289477,a
224,1217.865099,1224.078229,,-9.66949,9.397937197,0,0,0,224,0.207104334,1218.127184,-5.248161,1222.443011,-15.175771,1220.149122,-5.205958,,0.164729789,0.207104334,0.164729789,a
225,1212.5448,1214.408739,,-1.763659,8.917768077,0,0,0,225,0.0621313,1212.879023,1.012886,1207.26724,5.349619,1214.943164,-0.292276,,0,0.0621313,0,a
226,1212.085898,1212.64508,,-2.660845,8.307689475,0,0,0,226,0.01863939,1213.891909,0.242541,1212.616859,-7.286021,1214.650888,-0.113047,,0,0.01863939,0,a
227,1209.81648,1209.984235,,-3.968274,7.576588702,0,0,0,227,0.005591817,1214.13445,-0.935124,1205.330838,7.475505,1214.537841,-5.811787,,0,0.005591817,0,a
228,1205.965635,1206.015961,,-5.58517,6.735116062,0,0,0,228,0.001677545,1213.199326,-12.302207,1212.806343,-13.267622,1208.726054,-11.737879,,0,0.001677545,0,a
229,1200.415693,1200.430791,,-8.355344,5.795529697,0,0,0,229,0.000503264,1200.897119,6.652535,1199.538721,-3.989432,1196.988175,8.507445,,0,0.000503264,0,a
230,1192.070918,1192.075447,,12.679189,4.771517021,0,0,0,230,0.000150979,1207.549654,-4.761392,1195.549289,6.30692,1205.49562,1.931909,,0,0.000150979,0,a
231,1204.753278,1204.754636,,-6.366114,3.677995326,0,0,0,231,4.53E-05,1202.788262,-8.496063,1201.856209,1.526024,1207.427529,-12.393494,,0,4.53E-05,0,a
232,1198.388114,1198.388522,,-10.607732,2.530894477,0,0,0,232,1.36E-05,1194.292199,-2.306147,1203.382233,-14.773118,1195.034035,-2.655358,,0,1.36E-05,0,a
233,1187.780667,1187.78079,,2.950202,1.346924852,0,0,0,233,4.08E-06,1191.986052,-7.566283,1188.609115,-5.434575,1192.378677,-6.171841,,0,4.08E-06,0,a
234,1190.730955,1190.730992,,-22.431067,0.143333915,0,0,0,234,1.22E-06,1184.419769,6.058646,1183.17454,0.787721,1186.206836,-3.5844,,0,1.22E-06,0,a
235,1168.299914,1168.299925,,13.42408,-1.062345037,0,0,0,235,3.67E-07,1190.478415,-11.583489,1183.962261,-11.047373,1182.622436,-7.52508,,0,3.67E-07,0,a
236,1181.724002,1181.724005,,-3.016319,-2.252548291,0,0,0,236,1.10E-07,1178.894926,-10.993991,1172.914888,1.951886,1175.097356,-6.04449,,0,1.10E-07,0,a
237,1178.707685,1178.707686,,-8.88076,-3.409937573,0,0,0,237,3.30E-08,1167.900935,12.469599,1174.866774,-8.116365,1169.052866,1.783661,,0,3.30E-08,0,a
238,1169.826925,1169.826926,,-11.636665,-4.517652629,0,0,0,238,9.91E-09,1180.370534,0.526608,1166.750409,-7.005456,1170.836527,-2.226068,,0,9.91E-09,0,a
239,1158.190261,1158.190261,,32.08461,-5.559556833,0,0,0,239,2.97E-09,1180.897142,2.699628,1159.744953,38.947034,1168.610459,37.170346,,0,2.97E-09,0,a
240,1161.180793,1190.274871,,11.777612,-6.520472258,350,0,350,240,0.969802617,1183.59677,3.025865,1198.691987,-3.803815,1205.780805,-17.953848,,0.969802617,0.969802617,0.969802617,a
241,1164.974956,1202.052483,,-13.075318,-7.386400779,290,0,290,241,1.235917565,1186.622635,3.10485,1194.888172,-2.193508,1187.826957,2.52387,,0.980745298,1.235917565,0.980745298,a
242,1158.89029,1188.977165,,-1.194495,-8.144727993,100,0,100,242,1.002895828,1189.727485,-10.262231,1192.694664,-5.334581,1190.350827,-14.336459,,0.845876338,1.002895828,0.845876338,a
243,1159.792991,1187.78267,,0.337651,-8.784406976,100,0,100,243,0.932989307,1179.465254,9.681942,1187.360083,4.159367,1176.014368,3.002345,,0.727468207,0.932989307,0.727468207,a
244,1158.759243,1188.120321,,-6.22758,-9.296119213,120,0,120,244,0.97870258,1189.147196,-3.825543,1191.51945,-10.541022,1179.016713,-6.607803,,0.77686984,0.97870258,0.77686984,a
245,1152.120244,1181.892741,,-19.778161,-9.672410342,120,0,120,245,0.992416562,1185.321653,-22.787285,1180.978428,-18.536662,1172.40891,-7.440819,,0.789863929,0.992416562,0.789863929,a
246,1153.18283,1162.11458,,4.271861,-9.907798745,0,0,0,246,0.297724969,1162.534368,-3.387959,1162.441766,-6.138823,1164.968091,-8.465632,,0.302323674,0.297724969,0.302323674,a
247,1163.706916,1166.386441,,-10.146164,-9.998855406,0,0,0,247,0.089317491,1159.146409,-0.596623,1156.302943,7.672781,1156.502459,-13.276965,,0,0.089317491,0,a
248,1155.436419,1156.240277,,2.028258,-9.944253857,0,0,0,248,0.026795247,1158.549786,-2.601505,1163.975724,2.063646,1143.225494,29.409051,,0,0.026795247,0,a
249,1158.027378,1158.268535,,9.74733,-9.744789505,0,100,100,249,0.008038574,1155.948281,5.788197,1166.03937,5.873027,1172.634545,3.279222,,0,0.008038574,0,a
250,1167.943518,1168.015865,,-4.925233,-9.403368046,0,100,100,250,0.002411572,1161.736478,0.731012,1171.912397,-8.692473,1175.913767,-2.427947,,0,0.002411572,0,a
251,1163.068927,1163.090632,,1.06846,-8.924963132,0,80,80,251,0.000723472,1162.46749,9.522017,1163.219924,11.909342,1173.48582,-2.777243,,0,0.000723472,0,a
252,1164.15258,1164.159092,,16.731281,-8.316543922,0,80,80,252,0.000217042,1171.989507,-8.207384,1175.129266,-0.927592,1170.708577,13.74763,,0,0.000217042,0,a
253,1180.88842,1180.890373,,-9.204902,-7.586973555,0,80,80,253,6.51E-05,1163.782123,9.505281,1174.201674,-5.508571,1184.456207,-10.408278,,0,6.51E-05,0,a
254,1171.684885,1171.685471,,6.372968,-6.746880039,0,0,0,254,1.95E-05,1173.287404,4.384726,1168.693103,6.4872,1174.047929,-1.697854,,0,1.95E-05,0,a
255,1178.058263,1178.058439,,4.753495,-5.808501426,0,0,0,255,5.86E-06,1177.67213,6.122817,1175.180303,16.220134,1172.350075,6.286396,,0,5.86E-06,0,a
256,1182.811882,1182.811934,,8.888608,-4.785507537,0,0,0,256,1.76E-06,1183.794947,-3.308389,1191.400437,2.54179,1178.636471,16.755659,,0,1.76E-06,0,a
257,1191.700526,1191.700542,,-3.724461,-3.692800822,0,0,0,257,5.27E-07,1180.486558,13.065275,1193.942227,1.060644,1195.39213,-3.738565,,0,5.27E-07,0,a
258,1187.976077,1187.976081,,8.718701,-2.546299274,0,0,0,258,1.58E-07,1193.551833,14.189342,1195.002871,5.335631,1191.653565,13.277628,,0,1.58E-07,0,a
259,1196.69478,1196.694782,,14.520994,-1.362704541,0,0,0,259,4.75E-08,1207.741175,2.246553,1200.338502,10.397496,1204.931193,2.336919,,0,4.75E-08,0,a
260,1211.215776,1211.215776,,-1211.215776,-0.159258626,0,0,0,260,1.42E-08,1209.987728,-1209.987728,1210.735998,-1210.735998,1207.268112,-1207.268112,,0,1.42E-08,0,a
